﻿Designator,Footprint,Quantity,Value,LCSC Part #
"C1_6, C1_5, C1_4, C1_3, C1_2, C1, C2_6, C2_5, C2_4, C2_3, C2_2, C2, C3_6, C3_5, C3_4, C3_3, C3_2, C3",0805,18,100nF,
"D1_6, D1_5, D1_4, D1_3, D1_2, D1, D2_6, D2_5, D2_4, D2_3, D2_2, D2, D3_6, D3_5, D3_4, D3_3, D3_2, D3, D4_6, D4_5, D4_4, D4_3, D4_2, D4",LED_WS2812B_PLCC4_5.0x5.0mm_P3.2mm,24,WS2812B,C114587
"J1_6, J1_5, J1_4, J1_3, J1_2, J1",PinSocket_1x08_P2.54mm_Vertical,6,Power,
"J2_6, J2_5, J2_4, J2_3, J2_2, J2",PinSocket_1x10_P2.54mm_Vertical,6,Digital/PWM,
"J3_6, J3_5, J3_4, J3_3, J3_2, J3",PinSocket_1x06_P2.54mm_Vertical,6,Analog,
"J4_6, J4_5, J4_4, J4_3, J4_2, J4",PinSocket_1x08_P2.54mm_Vertical,6,Digital/PWM,
"J5_6, J5_5, J5_4, J5_3, J5_2, J5, J7_6, J7_5, J7_4, J7_3, J7_2, J7",PinSocket_1x03_P2.54mm_Vertical,12,Neopixel,
"J6_6, J6_5, J6_4, J6_3, J6_2, J6","PhoenixContact_MSTBVA_2,5_2-G_1x02_P5.00mm_Vertical",6,PowerIn,
"JP1_6, JP1_5, JP1_4, JP1_3, JP1_2, JP1",SolderJumper-2_P1.3mm_Open_RoundedPad1.0x1.5mm,6,Jumper_2_Open,
"KiKit_FID_B_1, KiKit_FID_B_2, KiKit_FID_B_3, KiKit_FID_T_1, KiKit_FID_T_2, KiKit_FID_T_3",Fiducial,6,Fiducial,
"KiKit_MB_10_1, KiKit_MB_10_2, KiKit_MB_10_3, KiKit_MB_10_4, KiKit_MB_11_1, KiKit_MB_11_2, KiKit_MB_11_3, KiKit_MB_11_4, KiKit_MB_12_1, KiKit_MB_12_2, KiKit_MB_12_3, KiKit_MB_12_4, KiKit_MB_13_1, KiKit_MB_13_2, KiKit_MB_13_3, KiKit_MB_13_4, KiKit_MB_14_1, KiKit_MB_14_2, KiKit_MB_14_3, KiKit_MB_14_4, KiKit_MB_15_1, KiKit_MB_15_2, KiKit_MB_15_3, KiKit_MB_15_4, KiKit_MB_16_1, KiKit_MB_16_2, KiKit_MB_16_3, KiKit_MB_16_4, KiKit_MB_17_1, KiKit_MB_17_2, KiKit_MB_17_3, KiKit_MB_17_4, KiKit_MB_18_1, KiKit_MB_18_2, KiKit_MB_18_3, KiKit_MB_18_4, KiKit_MB_19_1, KiKit_MB_19_2, KiKit_MB_19_3, KiKit_MB_19_4, KiKit_MB_1_1, KiKit_MB_1_2, KiKit_MB_1_3, KiKit_MB_1_4, KiKit_MB_20_1, KiKit_MB_20_2, KiKit_MB_20_3, KiKit_MB_20_4, KiKit_MB_21_1, KiKit_MB_21_2, KiKit_MB_21_3, KiKit_MB_21_4, KiKit_MB_22_1, KiKit_MB_22_2, KiKit_MB_22_3, KiKit_MB_22_4, KiKit_MB_23_1, KiKit_MB_23_2, KiKit_MB_23_3, KiKit_MB_23_4, KiKit_MB_24_1, KiKit_MB_24_2, KiKit_MB_24_3, KiKit_MB_24_4, KiKit_MB_25_1, KiKit_MB_25_2, KiKit_MB_25_3, KiKit_MB_25_4, KiKit_MB_26_1, KiKit_MB_26_2, KiKit_MB_26_3, KiKit_MB_26_4, KiKit_MB_27_1, KiKit_MB_27_2, KiKit_MB_27_3, KiKit_MB_27_4, KiKit_MB_28_1, KiKit_MB_28_2, KiKit_MB_28_3, KiKit_MB_28_4, KiKit_MB_29_1, KiKit_MB_29_2, KiKit_MB_29_3, KiKit_MB_29_4, KiKit_MB_2_1, KiKit_MB_2_2, KiKit_MB_2_3, KiKit_MB_2_4, KiKit_MB_30_1, KiKit_MB_30_2, KiKit_MB_30_3, KiKit_MB_30_4, KiKit_MB_31_1, KiKit_MB_31_2, KiKit_MB_31_3, KiKit_MB_31_4, KiKit_MB_32_1, KiKit_MB_32_2, KiKit_MB_32_3, KiKit_MB_32_4, KiKit_MB_33_1, KiKit_MB_33_2, KiKit_MB_33_3, KiKit_MB_33_4, KiKit_MB_34_1, KiKit_MB_34_2, KiKit_MB_34_3, KiKit_MB_34_4, KiKit_MB_35_1, KiKit_MB_35_2, KiKit_MB_35_3, KiKit_MB_35_4, KiKit_MB_36_1, KiKit_MB_36_2, KiKit_MB_36_3, KiKit_MB_36_4, KiKit_MB_37_1, KiKit_MB_37_2, KiKit_MB_37_3, KiKit_MB_37_4, KiKit_MB_38_1, KiKit_MB_38_2, KiKit_MB_38_3, KiKit_MB_38_4, KiKit_MB_39_1, KiKit_MB_39_2, KiKit_MB_39_3, KiKit_MB_39_4, KiKit_MB_3_1, KiKit_MB_3_2, KiKit_MB_3_3, KiKit_MB_3_4, KiKit_MB_40_1, KiKit_MB_40_2, KiKit_MB_40_3, KiKit_MB_40_4, KiKit_MB_41_1, KiKit_MB_41_2, KiKit_MB_41_3, KiKit_MB_41_4, KiKit_MB_42_1, KiKit_MB_42_2, KiKit_MB_42_3, KiKit_MB_42_4, KiKit_MB_43_1, KiKit_MB_43_2, KiKit_MB_43_3, KiKit_MB_43_4, KiKit_MB_44_1, KiKit_MB_44_2, KiKit_MB_44_3, KiKit_MB_44_4, KiKit_MB_45_1, KiKit_MB_45_2, KiKit_MB_45_3, KiKit_MB_45_4, KiKit_MB_46_1, KiKit_MB_46_2, KiKit_MB_46_3, KiKit_MB_46_4, KiKit_MB_47_1, KiKit_MB_47_2, KiKit_MB_47_3, KiKit_MB_47_4, KiKit_MB_48_1, KiKit_MB_48_2, KiKit_MB_48_3, KiKit_MB_48_4, KiKit_MB_49_1, KiKit_MB_49_2, KiKit_MB_49_3, KiKit_MB_49_4, KiKit_MB_49_5, KiKit_MB_49_6, KiKit_MB_4_1, KiKit_MB_4_2, KiKit_MB_4_3, KiKit_MB_4_4, KiKit_MB_50_1, KiKit_MB_50_2, KiKit_MB_50_3, KiKit_MB_50_4, KiKit_MB_50_5, KiKit_MB_50_6, KiKit_MB_51_1, KiKit_MB_51_2, KiKit_MB_51_3, KiKit_MB_51_4, KiKit_MB_51_5, KiKit_MB_51_6, KiKit_MB_52_1, KiKit_MB_52_2, KiKit_MB_52_3, KiKit_MB_52_4, KiKit_MB_52_5, KiKit_MB_52_6, KiKit_MB_53_1, KiKit_MB_53_2, KiKit_MB_53_3, KiKit_MB_53_4",NPTH,200,NPTH,
"KiKit_MB_53_5, KiKit_MB_53_6, KiKit_MB_54_1, KiKit_MB_54_2, KiKit_MB_54_3, KiKit_MB_54_4, KiKit_MB_54_5, KiKit_MB_54_6, KiKit_MB_55_1, KiKit_MB_55_2, KiKit_MB_55_3, KiKit_MB_55_4, KiKit_MB_55_5, KiKit_MB_55_6, KiKit_MB_56_1, KiKit_MB_56_2, KiKit_MB_56_3, KiKit_MB_56_4, KiKit_MB_56_5, KiKit_MB_56_6, KiKit_MB_5_1, KiKit_MB_5_2, KiKit_MB_5_3, KiKit_MB_5_4, KiKit_MB_6_1, KiKit_MB_6_2, KiKit_MB_6_3, KiKit_MB_6_4, KiKit_MB_7_1, KiKit_MB_7_2, KiKit_MB_7_3, KiKit_MB_7_4, KiKit_MB_8_1, KiKit_MB_8_2, KiKit_MB_8_3, KiKit_MB_8_4, KiKit_MB_9_1, KiKit_MB_9_2, KiKit_MB_9_3, KiKit_MB_9_4, KiKit_TO_1, KiKit_TO_2, KiKit_TO_3",NPTH,43,NPTH,
"R1_6, R1_5, R1_4, R1_3, R1_2, R1, R2_6, R2_5, R2_4, R2_3, R2_2, R2",0805,12,10k,
"RV1_6, RV1_5, RV1_4, RV1_3, RV1_2, RV1, RV2_6, RV2_5, RV2_4, RV2_3, RV2_2, RV2, RV3_6, RV3_5, RV3_4, RV3_3, RV3_2, RV3",Potentiometer_Runtron_RM-065_Vertical,18,10k,
"U1_6, U1_5, U1_4, U1_3, U1_2, U1",SOT-563,6,TMP102xxDRL,C99269
